_id,user_name,email,password,image_url
64eb855820cb38855bd668c6,John Doe,johndoe@gmail.com,$2b$10$yTN0S.g5ofSfzPudkmrYI.Ydob1Uy1xbdugICv/Db3c3MhaSHOzZy,/images/1.jpg
64eb855820cb38855bd668c7,Jane Smith,janesmith@yahoo.com,$2b$10$hSWQPVGEfhYnnDcoxCcG..11uDSecEmzU7W7Dsyp9IZyILZOEsZ2.,/images/2.jpg
64eb855820cb38855bd668c8,Mike Johnson,mikejohnson@hotmail.com,$2b$10$rH0GVc/7XlJLY0y4cKF7.eSVv96sTSy/eAzV2kzxvJiFtSegO.LWO,/images/3.jpg
64eb855820cb38855bd668c9,Emily Davis,emilydavis@gmail.com,$2b$10$lpVginB5zP9jldBpY5yoHOAcCQrdUTCXzjqz8DppfQXhHdHbXMJVi,/images/4.jpg
64eb855820cb38855bd668ca,David Wilson,davidwilson@gmail.com,$2b$10$BjSA37X7ZflAGA8thUAGOelaI383nK7zcQjKRvr4T3w7rYgUgFLX.,/images/5.jpg
64eb855820cb38855bd668cb,Sarah Thompson,sarahthompson@yahoo.com,$2b$10$TiDB5MkonbrH6JkfcoKKNOXtS1UIyHUZlktJe7WT3m2gazzR98Nmm,/images/6.png
64eb855820cb38855bd668cc,Michael Brown,michaelbrown@gmail.com,$2b$10$CHTJFXGQowZwBmbQES03m.N7bEUyMzUP8us/50SrOmB7kfso.iNE6,/images/7.png
64eb855820cb38855bd668cd,Jennifer Lee,jenniferlee@hotmail.com,$2b$10$2IOZG4gTu3CV9iXAU9Z0fehJelXJmMD6aVteflExh3UQLU14RjvDi,/images/8.jpg
64eb855820cb38855bd668ce,Christopher Taylor,christophertaylor@gmail.com,$2b$10$IQ7qWXh5eO9UFstj8djzueki26QbTGRYqSF6F1wvLCyp3Gxo152we,/images/9.png
64eb855820cb38855bd668cf,Jessica Martinez,jessicamartinez@yahoo.com,$2b$10$yLa1bzan9.ZfqcQNgGWcnO135HZvM.nONgJyKrZenboIq99s9.jry,/images/10.jpg
64eb855820cb38855bd668d0,puff,puh@gmail.com,$2b$10$G0.RVcecmXdzh742AACycunaPhBBBGTywzIladW3Ulj5awgr/TzbK,/images/1.jpg
